{
  "project_info": {
    "project_number": "658743521723",
    "firebase_url": "https://assignment01-bf492-default-rtdb.firebaseio.com",
    "project_id": "assignment01-bf492",
    "storage_bucket": "assignment01-bf492.appspot.com"
  },
  "client": [
    {
      "client_info": {
        "mobilesdk_app_id": "1:658743521723:android:eb558c32a8c2172cb8549e",
        "android_client_info": {
          "package_name": "com.example.groupproject"
        }
      },
      "oauth_client": [],
      "api_key": [
        {
          "current_key": "AIzaSyBpAvBHnIOdfWIQvGauSxxlid09eP8PaIo"
        }
      ],
      "services": {
        "appinvite_service": {
          "other_platform_oauth_client": []
        }
      }
    },
    {
      "client_info": {
        "mobilesdk_app_id": "1:658743521723:android:99964b2fc1500dcab8549e",
        "android_client_info": {
          "package_name": "np.com.bimalkafle.quizonline"
        }
      },
      "oauth_client": [],
      "api_key": [
        {
          "current_key": "AIzaSyBpAvBHnIOdfWIQvGauSxxlid09eP8PaIo"
        }
      ],
      "services": {
        "appinvite_service": {
          "other_platform_oauth_client": []
        }
      }
    }
  ],
  "configuration_version": "1"
}